{
  "logistic": {
    "roc_auc": 0.9955555555555555,
    "accuracy": 0.9666666666666667,
    "precision": 0.9375,
    "recall": 1.0,
    "f1": 0.967741935483871
  },
  "lstm": {
    "roc_auc": 0.76,
    "accuracy": 0.7,
    "precision": 0.6875,
    "recall": 0.7333333333333333,
    "f1": 0.7096774193548387
  },
  "ensemble": {
    "roc_auc": 0.9922222222222222,
    "accuracy": 0.95,
    "precision": 0.9090909090909091,
    "recall": 1.0,
    "f1": 0.9523809523809523
  }
}